event,step,loss,lr,grad_norm,chosen_targets,rejected_targets,peak_memory_mib,wall_seconds,dpo_loss,reward_margin,preference_credit
validation,0,,,,,,,,0.6931471824645996,0.0,0.5
train,1,0.6931471824645996,4e-08,52.883846282958984,10279,9244,8205.404296875,11.276877403259277,,,
train,10,0.6447873264551163,3.9963514982094624e-08,51.85683059692383,106977,92869,8943.2998046875,17.202369689941406,,,
train,20,0.6054508686065674,3.9837583810152556e-08,55.851829528808594,220716,201330,9052.48046875,24.171340703964233,,,
train,30,0.6223756372928619,3.962238611229916e-08,46.23161697387695,330289,299584,9052.48046875,30.961132287979126,,,
train,40,0.6225165277719498,3.931899882535929e-08,49.35295867919922,430610,392581,9071.2587890625,37.732213735580444,,,
train,50,0.6643610596656799,3.8928940222738085e-08,48.2596435546875,536939,493281,9071.2587890625,44.73924160003662,,,
train,60,0.5873942524194717,3.8454162316363186e-08,38.71995544433594,644415,590681,9071.2587890625,51.76510953903198,,,
train,70,0.5985067486763,3.789704108802297e-08,45.894100189208984,750873,685580,9071.2587890625,58.74396729469299,,,
train,80,0.639531135559082,3.72603645989871e-08,49.53298568725586,859517,785587,9071.2587890625,65.69921398162842,,,
train,90,0.6156675815582275,3.65473190374137e-08,46.46527862548828,965388,877968,9084.0205078125,72.60263180732727,,,
train,100,0.633833721280098,3.5761472773367666e-08,49.50402069091797,1069227,974774,9084.0205078125,79.4292004108429,,,
validation,100,,,,,,,,0.6201132139489055,0.2117409939719364,0.679
train,110,0.6101855635643005,3.49067585012452e-08,46.29095458984375,1174502,1069070,9084.0205078125,98.34471321105957,,,
train,120,0.6228155791759491,3.398745355897116e-08,52.628700256347656,1282046,1167963,9084.0205078125,105.22793984413147,,,
train,130,0.648948460817337,3.3008158522460044e-08,47.801883697509766,1398455,1267352,9084.0205078125,112.13140177726746,,,
train,140,0.6766258329153061,3.197377418246257e-08,49.27494812011719,1508787,1369328,9084.0205078125,119.21241235733032,,,
train,150,0.5821535587310791,3.0889477019014986e-08,45.07923889160156,1611499,1465993,9084.0205078125,125.91157412528992,,,
train,160,0.5934816151857376,2.976069329622721e-08,41.98094177246094,1711321,1557539,9084.0205078125,132.82338976860046,,,
train,170,0.5584951043128967,2.8593071907049708e-08,44.604713439941406,1824752,1659783,9084.0205078125,139.6894292831421,,,
train,180,0.6310777068138123,2.7392456103915155e-08,48.58076477050781,1927979,1763251,9084.0205078125,146.62998127937317,,,
train,190,0.6268188804388046,2.6164854256726143e-08,52.64167404174805,2040349,1865266,9084.0205078125,153.52097511291504,,,
train,200,0.5880543291568756,2.4916409784527952e-08,45.05415344238281,2150736,1969176,9084.0205078125,160.34808492660522,,,
validation,200,,,,,,,,0.6111116368994117,0.24491516440361738,0.696
train,210,0.6512308865785599,2.36533704113404e-08,50.12723922729492,2260697,2071626,9084.0205078125,179.23981428146362,,,
train,220,0.5691578835248947,2.2382056900005223e-08,41.250919342041016,2358679,2163276,9084.0205078125,185.94621539115906,,,
train,230,0.5418775081634521,2.1108831420517477e-08,45.858482360839844,2460400,2258033,9084.0205078125,192.98351621627808,,,
train,240,0.5399824529886246,1.9840065711138642e-08,46.38249969482422,2570647,2357108,9084.0205078125,199.66526913642883,,,
train,250,0.5764927864074707,1.8582109191626294e-08,45.9178352355957,2678310,2456626,9084.0205078125,206.55168271064758,,,
train,260,0.6347857117652893,1.734125718815463e-08,43.7531852722168,2789755,2555971,9084.0205078125,213.58662843704224,,,
train,270,0.6282443106174469,1.6123719428941262e-08,54.69355773925781,2894240,2657357,9084.0205078125,220.6661217212677,,,
train,280,0.6162029802799225,1.4935588968241052e-08,55.519447326660156,3005654,2759089,9084.0205078125,227.60466814041138,,,
train,290,0.5659502148628235,1.3782811694223887e-08,48.52132797241211,3112960,2858375,9084.0205078125,234.4636914730072,,,
train,300,0.6528653353452682,1.2671156573331424e-08,55.93458557128906,3218789,2960757,9084.0205078125,241.4892327785492,,,
validation,300,,,,,,,,0.6086495153605938,0.25487449712026866,0.693
train,310,0.6107970923185349,1.1606186780022134e-08,51.31361389160156,3332302,3069450,9084.0205078125,260.6218137741089,,,
train,320,0.6021856963634491,1.059323185638317e-08,44.83257293701172,3440528,3166185,9084.0205078125,267.5561032295227,,,
train,330,0.5825396031141281,9.637361040933631e-09,48.00270462036133,3550595,3262185,9084.0205078125,274.5074429512024,,,
train,340,0.6013098955154419,8.743357900092786e-09,40.674461364746094,3657938,3363397,9084.0205078125,281.42551922798157,,,
train,350,0.6563373059034348,7.915696389267704e-09,49.94513702392578,3772155,3464821,9084.0205078125,288.47256660461426,,,
train,360,0.5681394785642624,7.15851846336038e-09,50.0251350402832,3878514,3565380,9084.0205078125,295.1718502044678,,,
train,370,0.5738094300031662,6.47561334874035e-09,44.74604415893555,3990310,3669278,9084.0205078125,302.307993888855,,,
train,380,0.5394363254308701,5.870398580414497e-09,46.114994049072266,4098462,3766980,9084.0205078125,309.3028492927551,,,
train,390,0.5284572094678879,5.345902899291536e-09,45.337158203125,4204222,3862221,9084.0205078125,316.1190457344055,,,
train,400,0.5890710204839706,4.904751095130428e-09,44.591102600097656,4301621,3952578,9084.0205078125,322.68476486206055,,,
validation,400,,,,,,,,0.6057787118032575,0.2649315619496629,0.693
train,410,0.5577350333333015,4.549150871024597e-09,47.70616912841797,4400323,4043456,9084.0205078125,341.5240924358368,,,
train,420,0.6870530247688293,4.280881795157558e-09,49.37214279174805,4506528,4142423,9084.0205078125,348.4230422973633,,,
train,430,0.6003020703792572,4.101286395119756e-09,52.41001892089844,4613125,4240345,9084.0205078125,355.0238060951233,,,
train,440,0.5413113087415695,4.011263439354366e-09,45.394500732421875,4726480,4337541,9084.0205078125,361.88868379592896,,,
train,444,0.5711723566055298,4.000450582689207e-09,65.56573486328125,4765435,4375948,9084.0205078125,364.47225761413574,,,
validation,444,,,,,,,,0.6058101405352354,0.26522267699055374,0.691
completed,444,,,,4765435,4375948,,376.2115297317505,,,
